Bill,State,Session,Tags,Partisanship,Link,Status_as_of-5-18-2014
AB 1997,CA,20132014,tax break,"[{""Republican""=>1}]",http://leginfo.legislature.ca.gov/faces/billNavClient.xhtml?bill_id=201320140AB1997,"{:action=>""Re-referred to Standing Committee on Revenue and Taxation."", :date=>""2014-04-02 00:00:00"", :actor=>""lower""}"
AJR 6,CA,20132014,"requesting FAA choose state for test site, adopted","[{""Democratic""=>1}]",http://leginfo.legislature.ca.gov/faces/billNavClient.xhtml?bill_id=201320140AJR6,"{:action=>""Chaptered by Secretary of State - Res. Chapter 78, Statutes of 2013."", :date=>""2013-08-15 00:00:00"", :actor=>""other""}"
HB 2334,AZ,51st-2nd-regular,evidence admissibility,"[{""Republican""=>2}]",http://www.azleg.gov/DocumentsForBill.asp?Bill_Number=HB2334&Session_ID=112,"{:action=>""house second read"", :date=>""2014-01-29 00:00:00"", :actor=>""lower""}"
SB 2150,HI,2014 Regular Session,"government surveillance, private remedy against government, evidence admissibility, warrants","[{""Republican""=>1}, {""Democratic""=>4}]",http://capitol.hawaii.gov/Archives/measure_indiv_Archives.aspx?billtype=SB&billnumber=2150&year=2014,"{:action=>""Referred to TIA/JDL, WAM."", :date=>""2014-01-17 00:00:00"", :actor=>""upper""}"
SB 2582,HI,2014 Regular Session,"warrants, weapon ban, IACPAC recs","[{""Democratic""=>3}, {""Republican""=>1}]",http://capitol.hawaii.gov/Archives/measure_indiv_Archives.aspx?billtype=SB&billnumber=2582&year=2014,"{:action=>""Report adopted; Passed Second Reading and referred to JDL."", :date=>""2014-02-10 00:00:00"", :actor=>""upper""}"
SR 217,IL,98th,"study uavs, died","[{""Democratic""=>1}]",http://ilga.gov/legislation/BillStatus.asp?DocNum=217&GAID=12&DocTypeID=SR&LegId=76041&SessionID=85&GA=98,"{:action=>""Pursuant to Senate Rule 3-9(b) / Referred to Assignments"", :date=>""2013-08-09 00:00:00"", :actor=>""upper""}"
HB 1904,AR,2013,"government surveillance, warrants, biometrics, data retention, public disclosure","[{""Democratic""=>1}]",ftp://www.arkleg.state.ar.us/dfadooas/LegislativeMeasures.txt,"{:action=>""Died in House Committee at Sine Die adjournment."", :date=>""2013-05-17 12:42:31"", :actor=>""lower""}"
HB 2538,AZ,51st-2nd-regular,"warrants, government surveillance","[{""Republican""=>9}]",http://www.azleg.gov/DocumentsForBill.asp?Bill_Number=HB2538&Session_ID=112,"{:action=>""house second read"", :date=>""2014-02-04 00:00:00"", :actor=>""lower""}"
HB 560,GA,2013_14,"warrants, criminal offense for cops, evidence admissibility","[{""Republican""=>5}]",http://webservices.legis.ga.gov/GGAServices/Members/Service.svc?wsdl,"{:action=>""House Hopper"", :date=>""2013-03-07 13:19:29"", :actor=>""lower""}"
HB 1561,HI,2014 Regular Session,"government surveillance, warrants, evidence admissibility, weapon ban, agricultural surveillance ban, private invasion of privacy, private remedy against government","[{""Democratic""=>1}]",http://capitol.hawaii.gov/Archives/measure_indiv_Archives.aspx?billtype=HB&billnumber=1561&year=2014,"{:action=>""Re-referred to TRN/PBS, JUD, FIN, referral sheet 4"", :date=>""2014-01-23 00:00:00"", :actor=>""lower""}"
HB 1657,HI,2014 Regular Session,"IACPAC recs, NCSL recs, private nuisance, weapon ban, private invasion of privacy, exempt model planes","[{""Republican""=>1}]",http://capitol.hawaii.gov/Archives/measure_indiv_Archives.aspx?billtype=HB&billnumber=1657&year=2014,"{:action=>""Referred to TRN, JUD, FIN, referral sheet 3"", :date=>""2014-01-21 00:00:00"", :actor=>""lower""}"
HB 1691,HI,2014 Regular Session,"warrants, evidence admissibility, government surveillance, exempt model planes, private remedy against government","[{""Republican""=>1}]",http://capitol.hawaii.gov/Archives/measure_indiv_Archives.aspx?billtype=HB&billnumber=1691&year=2014,"{:action=>""Referred to TRN/PBS, JUD, FIN, referral sheet 3"", :date=>""2014-01-21 00:00:00"", :actor=>""lower""}"
HB 1827,HI,2014 Regular Session,"pre-acquisition approval, minimization, warrants, government surveillance, evidence admissibility, data retention, public disclosure","[{""Democratic""=>4}]",http://capitol.hawaii.gov/Archives/measure_indiv_Archives.aspx?billtype=HB&billnumber=1827&year=2014,"{:action=>""Referred to TRN/PBS, JUD, FIN, referral sheet 3"", :date=>""2014-01-21 00:00:00"", :actor=>""lower""}"
HB 454,KY,2013RS,"government surveillance, warrants, private remedy against government, evidence admissibility","[{""Democratic""=>1}]",http://www.lrc.ky.gov/record/13RS/HB454.htm,"{:action=>""to Judiciary (H)"", :date=>""2013-02-20 00:00:00"", :actor=>""lower""}"
LB 412,NE,103,"government surveillance, private remedy against government, evidence admissibility","[{""Nonpartisan""=>1}]",http://nebraskalegislature.gov/bills/search_by_date.php?SessionDay=2013,"{:action=>""Indefinitely postponed"", :date=>""2014-04-17 00:00:00"", :actor=>""upper""}"
S 4537,NY,2013-2014,"government surveillance, warrants, special protection for place of worship, criminal penalties, private remedy against government","[{""Republican""=>1}]",http://assembly.state.ny.us/leg/?default_fld=&bn=S4537&Summary=Y&Actions=Y&term=2013,"{:action=>""REFERRED TO CODES"", :date=>""2014-01-08 00:00:00"", :actor=>""upper""}"
RS 483,PR,2013-2016,"study uavs, died","[{""Partido Popular DemocrÃ¡tico""=>1}]",http://www.oslpr.org/legislatura/tl2013/tl_medida_print2.asp?r=RS483,"{:action=>""Aparece en Primera Lectura del Senado"", :date=>""2013-09-16 00:00:00"", :actor=>""upper""}"
S 1664,MA,188th,"government surveillance, warrants, evidence admissibility, minimization, biometrics, no surveillance of political beliefs, data retention, disclosure to targets, public disclosure","[{""Republican""=>1}]",http://www.malegislature.gov/Bills/188/Senate/S1664,"{:action=>""Senate concurred"", :date=>""2014-05-08 00:00:00"", :actor=>""upper""}"
SB 15,CA,20132014,"warrants, data retention, private invasion of privacy, public notice, limit intragovernment sharing","[{""Democratic""=>2}]",http://leginfo.legislature.ca.gov/faces/billNavClient.xhtml?bill_id=201320140SB15,"{:action=>""Reconsideration granted."", :date=>""2013-08-27 00:00:00"", :actor=>""lower""}"
HB 2627,HI,2014 Regular Session,promoting industry,"[{""Democratic""=>9}]",http://capitol.hawaii.gov/Archives/measure_indiv_Archives.aspx?billtype=HB&billnumber=2627&year=2014,"{:action=>""Referred to TRN, JUD, FIN, referral sheet 7"", :date=>""2014-01-27 00:00:00"", :actor=>""lower""}"
HB 725,HI,2014 Regular Session,promoting industry,"[{""Democratic""=>7}]",http://capitol.hawaii.gov/Archives/measure_indiv_Archives.aspx?billtype=HB&billnumber=725&year=2014,"{:action=>""Carried over to 2014 Regular Session."", :date=>""2013-12-18 00:00:00"", :actor=>""Data Systems""}"
SB 1221,HI,2013 Regular Session,"promoting industry, adopted","[{""Democratic""=>9}]",http://capitol.hawaii.gov/Archives/measure_indiv_Archives.aspx?billtype=SB&billnumber=1221&year=2013,"{:action=>""Act 272, 7/9/2013 (Gov. Msg. No. 1378)."", :date=>""2013-07-09 00:00:00"", :actor=>""upper""}"
SCR 137,HI,2011 Regular Session,"promoting industry, requesting FAA choose state for test site, adopted","[{""Democratic""=>4}, {""""=>2}]",http://capitol.hawaii.gov/Archives/measure_indiv_Archives.aspx?billtype=SCR&billnumber=137&year=2012,"{:action=>""Certified copies of resolutions sent, 06-19-12."", :date=>""2012-06-22 00:00:00"", :actor=>""upper""}"
HCR 39,HI,2011 Regular Session,promoting FAA rules,"[{""Democratic""=>2}]",http://capitol.hawaii.gov/Archives/measure_indiv_Archives.aspx?billtype=HCR&billnumber=39&year=2012,"{:action=>""Referred to TIA/PGM."", :date=>""2012-04-03 00:00:00"", :actor=>""upper""}"
SR 73,HI,2011 Regular Session,requesting FAA choose state for test site,"[{""Democratic""=>4}, {""""=>2}]",http://capitol.hawaii.gov/Archives/measure_indiv_Archives.aspx?billtype=SR&billnumber=73&year=2012,"{:action=>""Certified copies of resolutions sent, 06-19-12."", :date=>""2012-06-22 00:00:00"", :actor=>""upper""}"
HCR 140,HI,2011 Regular Session,"requesting FAA choose state for test site, adopted","[{""Democratic""=>8}, {""Republican""=>2}]",http://capitol.hawaii.gov/Archives/measure_indiv_Archives.aspx?billtype=HCR&billnumber=140&year=2012,"{:action=>""Resolution adopted in final form."", :date=>""2012-04-27 00:00:00"", :actor=>""lower""}"
S 1134,ID,2013,"protecting certain private uav use, civil cause of action, adopted, exempt model planes, warrants, government surveillance, agricultural surveillance ban, private invasion of privacy","[{""STATE AFFAIRS COMMITTEE""=>1}]",http://legislature.idaho.gov/legislation/2013/S1134.htm,"{:action=>""Signed by Governor on 04/11/13    Session Law Chapter 328    Effective: 07/01/13"", :date=>""2013-04-11 00:00:00"", :actor=>""upper""}"
SB 1587,IL,98th,"government surveillance, warrants, weapon ban, evidence admissibility, data retention, public disclosure, adopted","[{""Democratic""=>19}, {""Republican""=>9}, {""""=>1}]",http://ilga.gov/legislation/BillStatus.asp?DocNum=1587&GAID=12&DocTypeID=SB&LegId=72407&SessionID=85&GA=98,"{:action=>""Public Act . . . . . . . . . 98-0569"", :date=>""2013-08-27 00:00:00"", :actor=>""upper""}"
HB 1652,IL,98th,"adopted, protects hunters","[{""Republican""=>1}, {""Democratic""=>1}]",http://ilga.gov/legislation/BillStatus.asp?DocNum=1652&GAID=12&DocTypeID=HB&LegId=72844&SessionID=85&GA=98,"{:action=>""Public Act . . . . . . . . . 98-0402"", :date=>""2013-08-16 00:00:00"", :actor=>""lower""}"
SR 27,IN,2013,"study uavs, adopted","[{""Republican""=>8}, {""Democratic""=>2}]",http://www.in.gov/apps/lsa/session/billwatch/billinfo?year=2013&session=1&request=getBill&docno=0027&doctype=SR,"{:action=>""Senators Waterman and Paul added as coauthors"", :date=>""2013-02-26 00:00:00"", :actor=>""upper""}"
HF 427,IA,2013-2014,"government surveillance, warrants","[{""Republican""=>1}]",http://coolice.legis.iowa.gov/Cool-ICE/default.asp?Category=BillInfo&Service=DspHistory&var=HF&key=0469C&GA=85,"{:action=>""Withdrawn."", :date=>""2014-02-26 00:00:00"", :actor=>""lower""}"
S 1051,ID,2013,"government surveillance, warrants, evidence admissibility, private remedy against government","[{""COMMITTEE""=>1}]",http://legislature.idaho.gov/legislation/2013/S1051.htm,"{:action=>""Reported Printed; referred to Transportation"", :date=>""2013-02-04 00:00:00"", :actor=>""upper""}"
S 1067,ID,2013,"government surveillance, private remedy against government, evidence admissibility","[{""COMMITTEE""=>1}]",http://legislature.idaho.gov/legislation/2013/S1067.htm,"{:action=>""Reported Printed; referred to Transportation"", :date=>""2013-02-11 00:00:00"", :actor=>""upper""}"
SR 792,IL,97th,repeal FAA act,"[{""Democratic""=>1}]",http://ilga.gov/legislation/BillStatus.asp?DocNum=792&GAID=11&DocTypeID=SR&LegId=67444&SessionID=84&GA=97,"{:action=>""Session Sine Die"", :date=>""2013-01-08 00:00:00"", :actor=>""upper""}"
SB 20,IN,2013,"private invasion of privacy, no public money for uavs","[{""Republican""=>3}]",http://www.in.gov/apps/lsa/session/billwatch/billinfo?year=2013&session=1&request=getBill&doctype=SB&docno=0020,"{:action=>""Senator Paul added as coauthor"", :date=>""2013-02-21 00:00:00"", :actor=>""upper""}"
SB 336,IN,2014,uav licenses,"[{""Republican""=>1}]",http://iga.in.gov/legislative/2014/bills/senate/336/,"{:action=>""First Reading: Referred to Homeland Security, Transportation, and Veterans Affairs"", :date=>""2014-01-14 00:00:00"", :actor=>""upper""}"
HB 2542,KS,2013-2014,tax break,"[{""Committee on Federal and State Affairs""=>1}]",http://www.kslegislature.org/li/api/v7/rev-1/bill_status/hb2542,"{:action=>""Referred to Committee on Assessment and Taxation"", :date=>""2014-03-14 08:17:29"", :actor=>""upper""}"
HB 209,AK,28,"evidence admissibility, government surveillance, weapon ban","[{""Republican""=>1}]",http://www.legis.state.ak.us/basis/get_bill.asp?session=28&bill=HB209,"{:action=>""Referred to Judiciary"", :date=>""2014-01-21 00:00:00"", :actor=>""lower""}"
SB 240,AL,2014rs,protect hunters,"[{""Democratic""=>1}]",http://alisondb.legislature.state.al.us/acas/searchableinstruments/2014rs/PrintFiles/SB240-int.pdf,"{:action=>""Pending third reading on day 19 Favorable from Agriculture and Forestry with 1 amendment"", :date=>""2014-04-03 00:00:00"", :actor=>""executive""}"
HB 2574,AZ,51st-1st-regular,"government surveillance, warrants, evidence admissibility, private remedy against government","[{""Republican""=>9}]",http://www.azleg.gov/DocumentsForBill.asp?Bill_Number=HB2574&Session_ID=110,"{:action=>""psmra:held"", :date=>""2013-02-20 00:00:00"", :actor=>""lower""}"
SB 200,GA,2013_14,"government surveillance, warrants, weapon ban","[{""Republican""=>2}]",http://webservices.legis.ga.gov/GGAServices/Members/Service.svc?wsdl,"{:action=>""Senate Hopper"", :date=>""2013-02-21 16:04:47"", :actor=>""upper""}"
HB 2421,HI,2014 Regular Session,"warrants, government surveillance, IACPAC recs, weapon ban, private nuisance","[{""Republican""=>2}, {""Democratic""=>2}]",http://capitol.hawaii.gov/Archives/measure_indiv_Archives.aspx?billtype=HB&billnumber=2421&year=2014,"{:action=>""Referred to TRN, JUD, FIN, referral sheet 7"", :date=>""2014-01-27 00:00:00"", :actor=>""lower""}"
SB 2152,HI,2014 Regular Session,"private nuisance, weapon ban, IACPAC recs, private invasion of privacy","[{""Republican""=>1}, {""Democratic""=>4}]",http://capitol.hawaii.gov/Archives/measure_indiv_Archives.aspx?billtype=SB&billnumber=2152&year=2014,"{:action=>""Referred to TIA/PSM/JDL, WAM."", :date=>""2014-01-17 00:00:00"", :actor=>""upper""}"
SB 2608,HI,2014 Regular Session,"government surveillance, public disclosure, warrants, data retention, limit intragovernment sharing, private remedy against government, public disclosure","[{""Democratic""=>1}]",http://capitol.hawaii.gov/Archives/measure_indiv_Archives.aspx?billtype=SB&billnumber=2608&year=2014,"{:action=>""Referred to TRN/PBS, JUD, FIN, referral sheet 29"", :date=>""2014-03-07 00:00:00"", :actor=>""lower""}"
SB 317,AL,2013rs,"government surveillance, warrants, private remedy against government, evidence admissibility","[{""Republican""=>2}]",http://alisondb.legislature.state.al.us/acas/ACTIONSponsorsResultsMac.asp?OID=80688&LABEL=SB317,"{:action=>""Indefinitely Postponed"", :date=>""2013-05-07 00:00:00"", :actor=>""upper""}"
SF 2157,IA,2013-2014,"warrants, agricultural surveillance ban, evidence admissibility, private remedy against government, private invasion of privacy","[{""Republican""=>1}]",http://coolice.legis.iowa.gov/Cool-ICE/default.asp?Category=BillInfo&Service=DspHistory&var=SF&key=0662B&GA=85,"{:action=>""Subcommittee, Taylor, Hogg, and Schneider."", :date=>""2014-02-13 00:00:00"", :actor=>""upper""}"
SF 2314,IA,2013-2014,"government surveillance, warrants, agricultural surveillance ban, private remedy against government","[{""Judiciary""=>1}]",http://coolice.legis.iowa.gov/Cool-ICE/default.asp?Category=BillInfo&Service=DspHistory&var=SF&key=0823B&GA=85,"{:action=>""Referred to Judiciary."", :date=>""2014-03-13 00:00:00"", :actor=>""upper""}"
SSB 3145,IA,2013-2014,"government surveillance, warrants, evidence admissibility, minimization, biometrics, data retention, public disclosure","[{""vehicles""=>1}, {""Democratic""=>2}]",http://coolice.legis.iowa.gov/Cool-ICE/default.asp?Category=BillInfo&Service=DspHistory&key=3145S&GA=85,"{:action=>""Date Recorded"", :date=>""2014-02-04 00:00:00"", :actor=>""other""}"
HB 2394,KS,2013-2014,"government surveillance, weapon ban, private remedy against government, evidence admissibility","[{""Committee on Federal and State Affairs""=>1}]",http://www.kslegislature.org/li/api/v7/rev-1/bill_status/hb2394,"{:action=>""Referred to Committee on Corrections and Juvenile Justice"", :date=>""2013-03-08 08:45:05"", :actor=>""lower""}"
HB 2683,KS,2013-2014,"weapon ban, pre-acquisition approval, limit intragovernment sharing, warrants, evidence admissibility, minimization, biometrics, private remedy against government, public disclosure","[{""Committee on Veterans, Military and Homeland Security""=>1}]",http://www.kslegislature.org/li/api/v7/rev-1/bill_status/hb2683,"{:action=>""Referred to Committee on Federal and State Affairs"", :date=>""2014-02-14 08:59:57"", :actor=>""lower""}"
SB 409,KS,2013-2014,"weapon ban, pre-acquisition approval, public disclosure, government surveillance, warrants, private remedy against government","[{""Committee on Federal and State Affairs""=>1}]",http://www.kslegislature.org/li/api/v7/rev-1/bill_status/sb409,"{:action=>""Committee Report recommending bill be passed as amended by Committee on Natural Resources"", :date=>""2014-03-24 18:24:09"", :actor=>""upper""}"
HB 11,KY,2014RS,"withdrawn, government surveillance, warrants, no corporate-operated uavs","[{""Republican""=>9}, {""Democratic""=>1}]",http://www.lrc.ky.gov/record/14RS/HB11.htm,"{:action=>""introduced in House; to Judiciary (H)"", :date=>""2014-01-07 00:00:00"", :actor=>""lower""}"
H 1357,MA,188th,"government surveillance, warrants, minimization, biometrics, no surveillance of political beliefs, data retention, public disclosure","[{""Democratic""=>1}]",http://www.malegislature.gov/Bills/188/House/H1357,"{:action=>""Senate concurred"", :date=>""2014-04-03 00:00:00"", :actor=>""upper""}"
HF 1076,MN,2013-2014,"criminal penalties, government surveillance, warrants, evidence admissibility, private remedy against government","[{""Republican""=>4}]",https://www.revisor.mn.gov/bills/bill.php?b=House&f=HF1076&ssn=0&y=2013,"{:action=>""Author added Lohmer"", :date=>""2013-03-20 00:00:00"", :actor=>""lower""}"
SF 1506,MN,2013-2014,"criminal penalties, government surveillance, warrants, evidence admissibility, limit federal agency uav use, private remedy against government","[{""Republican""=>3}]",https://www.revisor.mn.gov/bills/bill.php?b=Senate&f=SF1506&ssn=0&y=2013,"{:action=>""Author added Kiffmeyer"", :date=>""2013-04-04 00:00:00"", :actor=>""upper""}"
HB 1566,NH,2014,"government surveillance, warrants, criminal penalties, criminal offense for cops","[{""Republican""=>1}]",http://gencourt.state.nh.us/downloads/2014%20Session%20Bill%20Status%20Tables.zip,"{:action=>""Refer to Interim Study: MA VV"", :date=>""2014-03-12 10:59:44"", :actor=>""lower""}"
SB 411,RI,2013,"government surveillance, warrants, private remedy against government, evidence admissibility","[{""Republican""=>2}]",http://status.rilin.state.ri.us/,"{:action=>""03/14/2013 Committee recommended measure be held for further study"", :date=>""2013-03-14 00:00:00"", :actor=>""joint""}"
SB 2937,IL,98th,"government surveillance, government access to third party data, warrants","[{""Democratic""=>2}, {""Republican""=>1}]",http://ilga.gov/legislation/BillStatus.asp?DocNum=2937&GAID=12&DocTypeID=SB&LegId=79049&SessionID=85&GA=98,"{:action=>""Passed Both Houses"", :date=>""2014-05-09 00:00:00"", :actor=>""upper""}"
HF 2289,IA,2013-2014,"uav aggravate offenses, government surveillance, warrant, data retention, pre-acquisition approval, private invasion of privacy, weapon ban, public disclosure","[{""Public Safety""=>1}]",http://coolice.legis.iowa.gov/Cool-ICE/default.asp?Category=BillInfo&Service=DspHistory&var=HF&key=1017C&GA=85,"{:action=>""Sent to Governor."", :date=>""2014-05-02 00:00:00"", :actor=>""lower""}"
SCR 124,LA,2014,study uavs,"[{""Democratic""=>1}]",http://www.legis.la.gov/Legis/BillInfo.aspx?i=226084,"{:action=>""Reported with amendments."", :date=>""2014-05-13 00:00:00"", :actor=>""upper""}"
SP 72,ME,126,"pre-acquisition approval, government surveillance, warrants, minimization, biometrics, data retention, evidence admissibility, public disclosure","[{""Democratic""=>9}, {""Independent""=>1}]",http://www.mainelegislature.org/LawMakerWeb/summary.asp?paper=SP0072&SessionID=10,"{:action=>""18 Yeas - 15 Nays- 0 Excused - 2 Absent"", :date=>""2013-07-09 00:00:00"", :actor=>""upper""}"
HB 468,MD,2014,promoting industry,"[{""Chair""=>1}, {""Economic Matters Committee (By Request - Departmental - Business and Economic Development)""=>1}]",http://mgaleg.maryland.gov/webmga/frmMain.aspx?id=HB468&stab=01&pid=billpage&tab=subject3&ys=2014rs,"{:action=>""Hearing 2/05 at 1:00 p.m."", :date=>""2014-01-28 00:00:00"", :actor=>""lower""}"
HB 1233,MD,2013,"","[{""Republican""=>3}]",http://mgaleg.maryland.gov/webmga/frmMain.aspx?id=HB1233&stab=01&pid=billpage&tab=subject3&ys=2013rs,"{:action=>""Hearing 3/19 at 1:00 p.m."", :date=>""2013-02-13 00:00:00"", :actor=>""lower""}"
HR 329,MI,2013-2014,promoting industry,"[{""Democratic""=>26}, {""Republican""=>12}]",http://legislature.mi.gov/doc.aspx?2013-HR-0329,"{:action=>""adopted"", :date=>""2014-03-26 00:00:00"", :actor=>""lower""}"
HCR 16,MI,2013-2014,requesting FAA choose state for test site,"[{""Republican""=>19}, {""Democratic""=>14}]",http://legislature.mi.gov/doc.aspx?2013-HCR-0016,"{:action=>""REFERRED TO COMMITTEE ON ECONOMIC DEVELOPMENT"", :date=>""2014-01-08 00:00:00"", :actor=>""upper""}"
HR 280,MI,2013-2014,requesting FAA choose state for test site,"[{""Republican""=>11}, {""Democratic""=>21}]",http://legislature.mi.gov/doc.aspx?2013-HR-0280,"{:action=>""adopted"", :date=>""2013-12-12 00:00:00"", :actor=>""lower""}"
HCR 17,MI,2013-2014,requesting FAA choose state for test site,"[{""Republican""=>8}, {""Democratic""=>6}]",http://legislature.mi.gov/doc.aspx?2013-HCR-0017,"{:action=>""per Rule 41 referred to Committee on Commerce"", :date=>""2013-12-11 00:00:00"", :actor=>""lower""}"
HR 87,MI,2013-2014,promoting industry,"[{""Democratic""=>19}, {""Republican""=>4}]",http://legislature.mi.gov/doc.aspx?2013-HR-0087,"{:action=>""adopted"", :date=>""2013-04-10 00:00:00"", :actor=>""lower""}"
SR 169,MI,2011-2012,requesting FAA choose state for test site,"[{""Republican""=>18}, {""Democratic""=>1}]",http://legislature.mi.gov/doc.aspx?2011-SR-0169,"{:action=>""ADOPTED"", :date=>""2012-08-15 00:00:00"", :actor=>""upper""}"
SB 196,MT,2013,"government surveillance, warrants, evidence admissibility","[{""Republican""=>1}]",http://laws.leg.mt.gov/legprd/LAW0203W$BSRV.ActionQuery?P_SESS=20131&P_BLTP_BILL_TYP_CD=&P_BILL_NO=&P_BILL_DFT_NO=LC1550&P_CHPT_NO=&Z_ACTION=Find&P_SBJT_SBJ_CD=&P_ENTY_ID_SEQ=,"{:action=>""Chapter Number Assigned"", :date=>""2013-05-01 00:00:00"", :actor=>""clerk""}"
SR 28,MT,2011,"","[{""Republican""=>1}]",http://laws.leg.mt.gov/laws11/LAW0203W$BSRV.ActionQuery?P_BLTP_BILL_TYP_CD=&P_BILL_NO=&P_BILL_DFT_NO=LC0223&Z_ACTION=Find&P_SBJ_DESCR=&P_SBJT_SBJ_CD=&P_LST_NM1=&P_ENTY_ID_SEQ=,"{:action=>""Filed with Secretary of State"", :date=>""2011-04-19 00:00:00"", :actor=>""upper""}"
HB 1307,NH,2014,no public money for uavs,"[{""Republican""=>1}, {""Democratic""=>1}]",http://gencourt.state.nh.us/downloads/2014%20Session%20Bill%20Status%20Tables.zip,"{:action=>""Inexpedient to Legislate: MA RC 195-138"", :date=>""2014-03-19 11:14:50"", :actor=>""lower""}"
HB 619,NH,2013,"criminal penalties, private invasion of privacy","[{""Republican""=>1}]",http://gencourt.state.nh.us/downloads/2013%20Session%20Bill%20Status%20Tables.zip,"{:action=>""Laid on Table (Rep Berch): MA DIV 278-87; HJ31, PG.1037-1039"", :date=>""2013-03-27 12:32:35"", :actor=>""lower""}"
SB 402,NC,2013,"moratorium, study uavs, adopted","[{""""=>1}, {""Republican""=>2}]",http://www.ncga.state.nc.us/gascripts/BillLookUp/BillLookUp.pl?Session=2013&BillID=S402,"{:action=>""Ch. SL 2013-360"", :date=>""2013-07-26 00:00:00"", :actor=>""executive""}"
HB 1373,ND,63,"","[{""Republican""=>9}, {""Democratic""=>1}]",http://www.legis.nd.gov/assembly/63-2013/bill-actions/ba1373.html,"{:action=>""Division B lost"", :date=>""2013-03-15 00:00:00"", :actor=>""upper""}"
HB 292,OH,130,study uavs,"[{""Republican""=>1}]",http://www.lsc.state.oh.us/status130/hb.xlsx,"{:action=>""Senate Introduced"", :date=>""2013-12-12 00:00:00"", :actor=>""upper""}"
HB 3039,OK,2013-2014,"","[{""Republican""=>1}]",http://www.oklegislature.gov/BillInfo.aspx?Bill=HB3039&session=1400,"{:action=>""Second Reading referred to Judiciary"", :date=>""2014-02-04 00:00:00"", :actor=>""lower""}"
HJM 20,OR,2011 Regular Session,requesting FAA choose state for test site,"[{""Republican""=>16}, {""""=>5}]",http://www.leg.state.or.us/11reg/pubs/hsemh.html,"{:action=>""Filed with Secretary of State."", :date=>""2011-06-10 17:00:00"", :actor=>""lower""}"
SB 1332,PA,2013-2014,protects hunters,"[{""Democratic""=>2}, {""Republican""=>2}]",http://www.legis.state.pa.us/cfdocs/billinfo/billinfo.cfm?syear=2013&sind=0&body=S&type=B&BN=1332,"{:action=>""PN 1928 Referred to GAME AND FISHERIES"", :date=>""2014-04-07 00:00:00"", :actor=>""upper""}"
SB 1334,PA,2013-2014,protects hunters,"[{""Democratic""=>2}, {""Republican""=>2}]",http://www.legis.state.pa.us/cfdocs/billinfo/billinfo.cfm?syear=2013&sind=0&body=S&type=B&BN=1334,"{:action=>""PN 1929 Referred to GAME AND FISHERIES"", :date=>""2014-04-07 00:00:00"", :actor=>""upper""}"
HB 961,PA,2013-2014,government surveillance,"[{""Democratic""=>12}, {""Republican""=>9}]",http://www.legis.state.pa.us/cfdocs/billinfo/billinfo.cfm?syear=2013&sind=0&body=H&type=B&BN=961,"{:action=>""PN 1102 Referred to JUDICIARY"", :date=>""2013-03-12 00:00:00"", :actor=>""lower""}"
HB 1952,TN,108,protects hunters,"[{""Republican""=>2}]",http://wapp.capitol.tn.gov/apps/BillInfo/default.aspx?BillNumber=HB1952&GA=108,"{:action=>""Effective date(s) 07/01/2014"", :date=>""2014-04-14 00:00:00"", :actor=>""upper""}"
SB 1777,TN,108,protects hunters,"[{""Republican""=>2}]",http://wapp.capitol.tn.gov/apps/BillInfo/default.aspx?BillNumber=SB1777&GA=108,"{:action=>""Comp. became Pub. Ch. 629"", :date=>""2014-04-14 00:00:00"", :actor=>""lower""}"
HB 2391,TN,108,study uavs,"[{""Republican""=>2}]",http://wapp.capitol.tn.gov/apps/BillInfo/default.aspx?BillNumber=HB2391&GA=108,"{:action=>""P2C, ref. to Civil Justice Committee"", :date=>""2014-02-10 00:00:00"", :actor=>""lower""}"
SB 2438,TN,108,study uavs,"[{""Republican""=>2}]",http://wapp.capitol.tn.gov/apps/BillInfo/default.aspx?BillNumber=SB2438&GA=108,"{:action=>""P2C, ref. to Civil Justice Committee"", :date=>""2014-02-10 00:00:00"", :actor=>""lower""}"
HB 591,TN,108,"government surveillance, private remedy against government, evidence admissibility","[{""Republican""=>2}]",http://wapp.capitol.tn.gov/apps/BillInfo/default.aspx?BillNumber=HB0591&GA=108,"{:action=>""Effective date(s) 07/01/2013"", :date=>""2013-05-31 00:00:00"", :actor=>""upper""}"
SB 796,TN,108,"government surveillance, warrants, private remedy against government, evidence admissibility","[{""Republican""=>2}]",http://wapp.capitol.tn.gov/apps/BillInfo/default.aspx?BillNumber=SB0796&GA=108,"{:action=>""Comp. became Pub. Ch. 470"", :date=>""2013-05-31 00:00:00"", :actor=>""lower""}"
HB 912,TX,83,"protecting certain private uav use, government surveillance, warrants, criminal penalties, civil cause of action, public disclosure","[{""Republican""=>68}, {""Democratic""=>36}, {""""=>1}]",ftp://ftp.legis.state.tx.us/bills/83R/billhistory/house_bills/HB00900_HB00999/HB 912.xml,"{:action=>""Effective on 9/1/13"", :date=>""2013-06-14 00:00:00"", :actor=>""executive""}"
HB 2012,VA,2013,"moratorium, adopted","[{""Republican""=>6}]",http://lis.virginia.gov/cgi-bin/legp604.exe?131+sum+HB2012,"{:action=>""Enacted, Chapter 755 (effective 7/1/13)"", :date=>""2013-04-03 00:00:00"", :actor=>""lower""}"
SB 1331,VA,2013,"moratorium, adopted","[{""Democratic""=>1}]",http://lis.virginia.gov/cgi-bin/legp604.exe?131+sum+SB1331,"{:action=>""Enacted, Chapter 796 (effective 7/1/13)"", :date=>""2013-04-03 00:00:00"", :actor=>""lower""}"
SB 954,VA,2013,protect hunters,"[{""Republican""=>1}]",http://lis.virginia.gov/cgi-bin/legp604.exe?131+sum+SB954,"{:action=>""Passed by indefinitely in Courts of Justice with letter "", :date=>""2013-02-01 00:00:00"", :actor=>""upper""}"
HB 2324,VA,2011,promoting industry,"[{""Republican""=>6}, {""""=>4}, {""Democratic""=>17}]",http://lis.virginia.gov/cgi-bin/legp604.exe?111+sum+HB2324,"{:action=>""Enacted, Chapter 816 (effective 4/6/11)"", :date=>""2011-04-06 00:00:00"", :actor=>""lower""}"
SB 1485,VA,2011,promoting industry,"[{""Republican""=>1}, {""Democratic""=>1}]",http://lis.virginia.gov/cgi-bin/legp604.exe?111+sum+SB1485,"{:action=>""Enacted, Chapter 874 (effective 4/6/11)"", :date=>""2011-04-06 00:00:00"", :actor=>""lower""}"
HB 1919,WA,2011-2012,tax break,"[{""Democratic""=>4}, {""Republican""=>1}, {""""=>2}]",http://apps.leg.wa.gov/billinfo/summary.aspx?bill=1919&year=2011,"{:action=>""By resolution, reintroduced and retained in present status."", :date=>""2012-04-11 00:00:00"", :actor=>""lower""}"
SB 5641,WA,2011-2012,tax break,"[{""""=>1}]",http://apps.leg.wa.gov/billinfo/summary.aspx?bill=5641&year=2011,"{:action=>""By resolution, reintroduced and retained in present status."", :date=>""2012-04-11 00:00:00"", :actor=>""upper""}"
HB 2997,WV,2013,"","[{""Republican""=>9}, {""Democratic""=>2}]",http://www.legis.state.wv.us/Bill_Status/Bills_history.cfm?input=2997&year=2013&sessiontype=RS&btype=bill,"{:action=>""To House Judiciary"", :date=>""2013-03-20 00:00:00"", :actor=>""lower""}"
HB 30,WY,2014,no hunting with uav,"[{""Republican""=>1}]",http://legisweb.state.wy.us/2014/Digest/HB0030.htm,"{:action=>""Failed COW; Indef Postponed"", :date=>""2014-02-20 00:00:00"", :actor=>""lower""}"
HB 242,WY,2013,"government surveillance, warrants, fresh pursuit exception, evidence admissibility","[{""Republican""=>9}]",http://legisweb.state.wy.us/2013/Digest/HB0242.htm,"{:action=>""Died In Committee"", :date=>""2013-02-25 00:00:00"", :actor=>""lower""}"
AB 1326,CA,20132014,tax break,"[{""Republican""=>1}, {""Democratic""=>1}]",http://leginfo.legislature.ca.gov/faces/billNavClient.xhtml?bill_id=201320140AB1326,"{:action=>""From committee: Filed with the Chief Clerk pursuant to Joint Rule 56."", :date=>""2014-02-03 00:00:00"", :actor=>""lower""}"
HR 141,IL,98th,"oppose drone strikes, support federal bill","[{""Republican""=>9}]",http://ilga.gov/legislation/BillStatus.asp?DocNum=141&GAID=12&DocTypeID=HR&LegId=75583&SessionID=85&GA=98,"{:action=>""Rule 19(b) / Re-referred to Rules Committee"", :date=>""2013-08-09 00:00:00"", :actor=>""lower""}"
SCR 103,ID,2013,"promoting industry, adopted","[{""COMMITTEE""=>1}]",http://legislature.idaho.gov/legislation/2013/SCR103.htm,"{:action=>""Reported delivered to the Secretary of State on 04/12/13"", :date=>""2013-04-04 00:00:00"", :actor=>""upper""}"
HB 5217,CT,2014,"uav aggravate offenses, government surveillance, warrants, minimization, biometrics, evidence admissibility, public disclosure, regulate non-NAS airspace","[{""Democratic""=>16}, {""Republican""=>8}]",ftp://ftp.cga.ct.gov/pub/data/bill_info.csv,"{:action=>""PUBLIC HEARING 0224"", :date=>""2014-02-20 00:00:00"", :actor=>""lower""}"
S 92,FL,2013,"adopted, government surveillance, warrants, evidence admissibility, private remedy against government","[{""Republican""=>1}]",http://flsenate.gov/Session/Bill/2013/0092,"{:action=>""Ordered enrolled "", :date=>""2013-04-18 00:00:00"", :actor=>""upper""}"
HB 1775,HI,2014 Regular Session,"government surveillance, minimization, public disclosure, evidence admissibility, private remedy against government, no hunting with uav","[{""Democratic""=>5}]",http://capitol.hawaii.gov/Archives/measure_indiv_Archives.aspx?billtype=HB&billnumber=1775&year=2014,"{:action=>""Referred to TRN/PBS, JUD, FIN, referral sheet 3"", :date=>""2014-01-21 00:00:00"", :actor=>""lower""}"
SB 783,HI,2013 Regular Session,"government surveillance, warrants, minimization, biometrics, data retention, evidence admissibility, administrative discipline, public disclosure","[{""Republican""=>1}, {""Democratic""=>2}]",http://capitol.hawaii.gov/Archives/measure_indiv_Archives.aspx?billtype=SB&billnumber=783&year=2013,"{:action=>""Carried over to 2014 Regular Session."", :date=>""2013-12-18 00:00:00"", :actor=>""Data Systems""}"
HB 342,KY,2014RS,"weapon ban, protecting certain private uav use, government surveillance, warrants, minimization, biometrics, evidence admissibility","[{""Republican""=>7}, {""Democratic""=>1}]",http://www.lrc.ky.gov/record/14RS/HB342.htm,"{:action=>""to Judiciary (H)"", :date=>""2014-02-06 00:00:00"", :actor=>""lower""}"
SB 356,LA,2014,critical infrastructure ban,"[{""Republican""=>1}]",http://www.legis.la.gov/Legis/BillInfo.aspx?i=224545,"{:action=>""Involuntarily deferred in committee."", :date=>""2014-04-29 00:00:00"", :actor=>""lower""}"
HB 785,MD,2014,"government surveillance, warrants, evidence admissibility, agricultural surveillance ban, private invasion of privacy, private remedy against government","[{""Republican""=>8}, {""Democratic""=>3}]",http://mgaleg.maryland.gov/webmga/frmMain.aspx?id=HB785&stab=01&pid=billpage&tab=subject3&ys=2014rs,"{:action=>""Unfavorable Report by Judiciary"", :date=>""2014-03-13 00:00:00"", :actor=>""lower""}"
HB 847,MD,2014,"government surveillance, warrants, biometrics, minimization, data retention, weapon ban, public disclosure, administrative penalties","[{""Democratic""=>3}, {""Republican""=>1}]",http://mgaleg.maryland.gov/webmga/frmMain.aspx?id=HB847&stab=01&pid=billpage&tab=subject3&ys=2014rs,"{:action=>""Unfavorable Report by Judiciary"", :date=>""2014-03-13 00:00:00"", :actor=>""lower""}"
SB 125,MD,2013,promoting industry,"[{""The President (By Request - Administration)""=>1}]",http://mgaleg.maryland.gov/webmga/frmMain.aspx?id=SB125&stab=01&pid=billpage&tab=subject3&ys=2013rs,"{:action=>""First Reading Budget and Taxation"", :date=>""2013-01-16 00:00:00"", :actor=>""upper""}"
SB 926,MD,2014,"government surveillance, warrants, minimization, biometrics, data retention, weapon ban, administrative discipline, public disclosure","[{""Democratic""=>3}, {""Republican""=>1}]",http://mgaleg.maryland.gov/webmga/frmMain.aspx?id=SB926&stab=01&pid=billpage&tab=subject3&ys=2014rs,"{:action=>""Unfavorable Report by Judicial Proceedings"", :date=>""2014-03-20 00:00:00"", :actor=>""upper""}"
HB 4455,MI,2013-2014,"pre-acquisition approval, government surveillance, warrants, weapon ban, minimization, data retention, biometrics, evidence admissibility, administrative discipline, public disclosure, criminal penalties","[{""Republican""=>13}, {""Democratic""=>4}]",http://legislature.mi.gov/doc.aspx?2013-HB-4455,"{:action=>""printed bill filed 03/15/2013"", :date=>""2013-03-19 00:00:00"", :actor=>""lower""}"
HR 279,MI,2013-2014,requesting FAA choose state for test site,"[{""Republican""=>6}, {""Democratic""=>2}]",http://legislature.mi.gov/doc.aspx?2013-HR-0279,"{:action=>""per Rule 41 referred to Committee on Commerce"", :date=>""2013-12-11 00:00:00"", :actor=>""lower""}"
SR 107,MI,2013-2014,requesting FAA choose state for test site,"[{""Republican""=>9}, {""Democratic""=>1}]",http://legislature.mi.gov/doc.aspx?2013-SR-0107,"{:action=>""REFERRED TO COMMITTEE ON VETERANS, MILITARY AFFAIRS AND HOMELAND SECURITY"", :date=>""2013-12-12 00:00:00"", :actor=>""upper""}"
HF 1620,MN,2013-2014,"criminal penalties, government surveillance, search warrant, limit federal agency uav use, private remedy against government, evidence admissibility","[{""Democratic-Farmer-Labor""=>21}, {""Republican""=>14}]",https://www.revisor.mn.gov/bills/bill.php?b=House&f=HF1620&ssn=0&y=2013,"{:action=>""Introduction and first reading, referred to Public Safety Finance and Policy"", :date=>""2013-03-18 00:00:00"", :actor=>""lower""}"
HF 1994,MN,2013-2014,"government surveillance, warrants, evidence admissibility, private remedy against government","[{""Republican""=>2}, {""Democratic-Farmer-Labor""=>3}]",https://www.revisor.mn.gov/bills/bill.php?b=House&f=HF1994&ssn=0&y=2014,"{:action=>""Committee report, to adopt as amended and re-refer to Judiciary Finance and Policy"", :date=>""2014-03-19 00:00:00"", :actor=>""lower""}"
HF 2552,MN,2013-2014,"government surveillance, warrants, pre-acquisition approval, minimization, biometrics, weapon ban, data retention, evidence admissibility, disclosure to targets, private remedy against government, public disclosure","[{""Democratic-Farmer-Labor""=>1}]",https://www.revisor.mn.gov/bills/bill.php?b=House&f=HF2552&ssn=0&y=2014,"{:action=>""Committee report, to adopt and re-refer to Judiciary Finance and Policy"", :date=>""2014-03-17 00:00:00"", :actor=>""lower""}"
HF 2553,MN,2013-2014,"government surveillance, warrants, limit intragovernment sharing, pre-acquisition approval, evidence admissibility, biometrics, minimization, data retention, notice to targets, private remedy against government, public disclosure","[{""Democratic-Farmer-Labor""=>3}]",https://www.revisor.mn.gov/bills/bill.php?b=House&f=HF2553&ssn=0&y=2014,"{:action=>""Committee report, to adopt as amended and re-refer to Judiciary Finance and Policy"", :date=>""2014-03-19 00:00:00"", :actor=>""lower""}"
HF 612,MN,2013-2014,"government surveillance, private remedy against government, evidence admissibility","[{""Republican""=>3}]",https://www.revisor.mn.gov/bills/bill.php?b=House&f=HF0612&ssn=0&y=2013,"{:action=>""Introduction and first reading, referred to Public Safety Finance and Policy"", :date=>""2013-02-14 00:00:00"", :actor=>""lower""}"
HF 990,MN,2013-2014,"regulate non-NAS airspace, weapon ban, government surveillance, warrants, private invasion of privacy, public disclosure, evidence admissibility, criminal penalties","[{""Republican""=>1}]",https://www.revisor.mn.gov/bills/bill.php?b=House&f=HF0990&ssn=0&y=2013,"{:action=>""Introduction and first reading, referred to Transportation Policy"", :date=>""2013-02-28 00:00:00"", :actor=>""lower""}"
HB 159,AK,28,"evidence admissibility, warrants, private invasion of privacy","[{""Democratic""=>2}]",http://www.legis.state.ak.us/basis/get_bill.asp?session=28&bill=HB159,"{:action=>""Referred to Judiciary"", :date=>""2013-03-20 00:00:00"", :actor=>""lower""}"
SF 2037,MN,2013-2014,"government surveillance, warrants, evidence admissibility, private remedy against government","[{""Republican""=>2}, {""Democratic-Farmer-Labor""=>2}]",https://www.revisor.mn.gov/bills/bill.php?b=Senate&f=SF2037&ssn=0&y=2014,"{:action=>""Referred to Judiciary"", :date=>""2014-02-27 00:00:00"", :actor=>""upper""}"
SF 2687,MN,2013-2014,"government surveillance, warrants, pre-acquisition approval, minimization, biometrics, data retention, evidence admissibility, notice to targets, private remedy against government, public disclosure","[{""Republican""=>1}]",https://www.revisor.mn.gov/bills/bill.php?b=Senate&f=SF2687&ssn=0&y=2014,"{:action=>""Referred to Judiciary"", :date=>""2014-03-17 00:00:00"", :actor=>""upper""}"
SF 485,MN,2013-2014,"government surveillance, warrants, private remedy against government, evidence admissibility","[{""Republican""=>4}, {""Democratic-Farmer-Labor""=>1}]",https://www.revisor.mn.gov/bills/bill.php?b=Senate&f=SF0485&ssn=0&y=2013,"{:action=>""Author added Limmer"", :date=>""2013-02-25 00:00:00"", :actor=>""upper""}"
HB 46,MO,2013,"government surveillance, warrants, private invasion of privacy, agricultural surveillance ban, private remedy against government, evidence admissibility","[{""Republican""=>1}]",http://www.house.mo.gov/billsummaryprn.aspx?bill=HB46&year=2013&code=R,"{:action=>""Public Hearing Held (S)"", :date=>""2013-04-24 00:00:00"", :actor=>""upper""}"
SB 150,MT,2013,"government surveillance, evidence admissibility, weapon ban","[{""Democratic""=>1}]",http://laws.leg.mt.gov/legprd/LAW0203W$BSRV.ActionQuery?P_SESS=20131&P_BLTP_BILL_TYP_CD=&P_BILL_NO=&P_BILL_DFT_NO=LC0898&P_CHPT_NO=&Z_ACTION=Find&P_SBJT_SBJ_CD=&P_ENTY_ID_SEQ=,"{:action=>""Died in Standing Committee"", :date=>""2013-04-24 00:00:00"", :actor=>""lower""}"
HB 312,NC,2013,"government surveillance, evidence admissibility, warrants, minimization, biometrics, criminal penalties, data retention, public disclosure","[{""Republican""=>23}, {""Democratic""=>9}, {""""=>2}]",http://www.ncga.state.nc.us/gascripts/BillLookUp/BillLookUp.pl?Session=2013&BillID=H312,"{:action=>""Ref To Com On Rules, Calendar, and Operations of the House"", :date=>""2013-03-18 00:00:00"", :actor=>""lower""}"
HB 1373,ND,63,"government surveillance, warrants, evidence admissibility, data retention, study uavs, public disclosure, notice to targets, failed","[{""Republican""=>9}, {""Democratic""=>1}]",http://www.legis.nd.gov/assembly/63-2013/bill-actions/ba1373.html,"{:action=>""Division B lost"", :date=>""2013-03-15 00:00:00"", :actor=>""upper""}"
HB 1361,NH,2014,"government surveillance, evidence admissibility, warrants, private remedy against government","[{""Republican""=>3}]",http://gencourt.state.nh.us/downloads/2014%20Session%20Bill%20Status%20Tables.zip,"{:action=>""Inexpedient to Legislate: MA VV"", :date=>""2014-03-05 10:35:35"", :actor=>""lower""}"
HB 1620,NH,2014,"government surveillance, warrants, data retention, evidence admissibility, weapon ban, private remedy against government, private invasion of privacy, criminal penalties, extra penalty for hacking uav","[{""Republican""=>1}]",http://gencourt.state.nh.us/downloads/2014%20Session%20Bill%20Status%20Tables.zip,"{:action=>""Refer to Interim Study, MA, VV; SJ 10"", :date=>""2014-04-24 11:50:25"", :actor=>""upper""}"
A 3157,NJ,215,"government surveillance, warrants, public disclosure, evidence admissibility, ban private ownership or posession","[{""""=>1}, {""Republican""=>1}]",http://www.njleg.state.nj.us/downloads.asp,"{:action=>""Introduced in the Assembly, Referred to Assembly Homeland Security and State Preparedness Committee"", :date=>""2012-06-25 00:00:00"", :actor=>""lower""}"
A 3929,NJ,215,"government surveillance, evidence admissibility, private remedy against government","[{""Democratic""=>2}, {""Republican""=>2}]",http://www.njleg.state.nj.us/downloads.asp,"{:action=>""Introduced in the Assembly, Referred to Assembly Homeland Security and State Preparedness Committee"", :date=>""2013-03-14 00:00:00"", :actor=>""lower""}"
A 4073,NJ,215,"government surveillance, evidence admissibility, data retention, public disclosure, weapon ban, ban 3d party disclosure","[{""Democratic""=>6}, {""Republican""=>2}]",http://www.njleg.state.nj.us/downloads.asp,"{:action=>""Substituted by S2702 (3R)"", :date=>""2014-01-06 00:00:00"", :actor=>""lower""}"
A 4091,NJ,215,"government surveillance, private remedy against government, evidence admissibility, limit altitude of law enforcement uav","[{""Republican""=>1}]",http://www.njleg.state.nj.us/downloads.asp,"{:action=>""Introduced in the Assembly, Referred to Assembly Homeland Security and State Preparedness Committee"", :date=>""2013-05-06 00:00:00"", :actor=>""lower""}"
A 4381,NJ,215,"government surveillance, warrants, minimization","[{""Republican""=>1}]",http://www.njleg.state.nj.us/downloads.asp,"{:action=>""Introduced in the Assembly, Referred to Assembly Law and Public Safety Committee"", :date=>""2013-11-18 00:00:00"", :actor=>""lower""}"
A 534,NJ,216,"government surveillance, private remedy against government, evidence admissibility, limit altitude of law enforcement uav","[{""Republican""=>1}]",http://www.njleg.state.nj.us/downloads.asp,"{:action=>""Introduced in the Assembly, Referred to Assembly Homeland Security and State Preparedness Committee"", :date=>""2014-01-16 00:00:00"", :actor=>""lower""}"
S 2702,NJ,215,"government surveillance, warrants, data retention, ban 3d party disclosure, evidence admissibility, public reporting, weapon ban","[{""Democratic""=>8}, {""Republican""=>3}]",http://www.njleg.state.nj.us/downloads.asp,"{:action=>""Received in the Senate, 2nd Reading on Concurrence"", :date=>""2014-01-06 00:00:00"", :actor=>""upper""}"
HJM 6,NM,2012,requesting FAA choose state for test site,"[{""Gonzales, Roberto \""Bobby\"" J.""=>1}]",http://www.nmlegis.gov/lcs/_session.aspx?Chamber=H&LegType=JM&LegNo=   6&year=12,"{:action=>""passed Senate"", :date=>""2012-02-16 00:00:00"", :actor=>""executive""}"
SB 556,NM,2013,"government surveillance, agricultural surveillance ban, warrants, criminal penalties, private remedy against government, evidence admissibility","[{""Democratic""=>1}]",http://www.nmlegis.gov/lcs/_session.aspx?Chamber=S&LegType=B&LegNo=556&year=13,"{:action=>""DO PASS, as amended, committee report adopted"", :date=>""2013-03-08 00:00:00"", :actor=>""upper""}"
SCR 7,NV,77,requesting FAA choose state for test site,"[{""Democratic""=>3}, {""Republican""=>2}]",http://www.leg.state.nv.us/Session/77th2013/Reports/history.cfm?ID=1152,"{:action=>""File No. 30."", :date=>""2013-05-08 00:00:00"", :actor=>""upper""}"
A 6244,NY,2013-2014,"government surveillance, warrants, evidence admissibility","[{""Democratic""=>25}, {""Republican""=>5}]",http://assembly.state.ny.us/leg/?default_fld=&bn=A6244&Summary=Y&Actions=Y&term=2013,"{:action=>""referred to codes"", :date=>""2014-01-08 00:00:00"", :actor=>""lower""}"
A 6370,NY,2013-2014,"government surveillance, warrants, special protection for place of worship, evidence admissibility, private remedy against government, criminal penalties","[{""Democratic""=>6}, {""Republican""=>1}]",http://assembly.state.ny.us/leg/?default_fld=&bn=A6370&Summary=Y&Actions=Y&term=2013,"{:action=>""referred to governmental operations"", :date=>""2014-01-08 00:00:00"", :actor=>""lower""}"
A 6541,NY,2013-2014,"government surveillance, warrants, data retention, weapon ban, administrative discipline, public disclosure, evidence admissibility, pre-acquisition approval","[{""Democratic""=>7}]",http://assembly.state.ny.us/leg/?default_fld=&bn=A6541&Summary=Y&Actions=Y&term=2013,"{:action=>""referred to governmental operations"", :date=>""2014-01-08 00:00:00"", :actor=>""lower""}"
A 8091,NY,2013-2014,private invasion of privacy,"[{""Republican""=>1}]",http://assembly.state.ny.us/leg/?default_fld=&bn=A8091&Summary=Y&Actions=Y&term=2013,"{:action=>""referred to codes"", :date=>""2014-01-08 00:00:00"", :actor=>""lower""}"
S 4839,NY,2013-2014,"government surveillance, warrants, pre-acquisition approval, public disclosure, administrative penalties, weapon ban, data retention","[{""Democratic""=>1}]",http://assembly.state.ny.us/leg/?default_fld=&bn=S4839&Summary=Y&Actions=Y&term=2013,"{:action=>""REFERRED TO CODES"", :date=>""2014-01-08 00:00:00"", :actor=>""upper""}"
S 6412,NY,2013-2014,"government surveillance, warrants, evidence admissibility","[{""Democratic""=>1}]",http://assembly.state.ny.us/leg/?default_fld=&bn=S6412&Summary=Y&Actions=Y&term=2013,"{:action=>""REFERRED TO CODES"", :date=>""2014-01-22 00:00:00"", :actor=>""upper""}"
HB 207,OH,130,"government surveillance, warrants, evidence admissibility, private remedy against government","[{""Republican""=>1}]",http://www.lsc.state.oh.us/status130/hb.xlsx,"{:action=>""House Introduced"", :date=>""2013-06-12 00:00:00"", :actor=>""lower""}"
HB 364,OH,130,"uav licenses, public notice, limit intragovernment sharing, warrants, evidence admissibility, notice to targets, weapon ban, private remedy against government, administrative discipline, public disclosure","[{""Republican""=>1}]",http://www.lsc.state.oh.us/status130/hb.xlsx,"{:action=>""House Introduced"", :date=>""2013-11-26 00:00:00"", :actor=>""lower""}"
HCR 44,OH,130,requesting FAA choose state for test site,"[{""Republican""=>1}]",http://www.lsc.state.oh.us/status130/hcr.xlsx,"{:action=>""Report"", :date=>""2014-02-19 00:00:00"", :actor=>""lower""}"
SB 189,OH,130,"government surveillance, pre-acquisition approval, limit intragovernment sharing, warrants, data minimization, evidence admissibility, data minimization, biometrics, weapon ban, administrative penalties, public disclosure","[{""Republican""=>1}]",http://www.lsc.state.oh.us/status130/sb.xlsx,"{:action=>""Senate Introduced"", :date=>""2013-09-12 00:00:00"", :actor=>""upper""}"
SCR 19,OH,129,requesting FAA choose state for test site,"[{""Republican""=>1}]",http://www.lsc.state.oh.us/status129/scr.xls,"{:action=>""Concurrence"", :date=>""2012-03-27 00:00:00"", :actor=>""lower""}"
HB 1556,OK,2013-2014,"government surveillance, warrants, criminal penalties, private remedy against government, evidence admissibility, minimization, data retention, weapon ban, no mfr liability","[{""Republican""=>1}]",http://www.oklegislature.gov/BillInfo.aspx?Bill=HB1556&session=1400,"{:action=>""Coauthored by Representative(s) Bennett"", :date=>""2013-02-28 00:00:00"", :actor=>""lower""}"
HB 1795,OK,2013-2014,"","[{""Republican""=>1}]",http://www.oklegislature.gov/BillInfo.aspx?Bill=HB1795&session=1400,"{:action=>""Referred to Rules Committee"", :date=>""2013-02-12 00:00:00"", :actor=>""lower""}"
HB 3035,OK,2013-2014,"","[{""Republican""=>1}]",http://www.oklegislature.gov/BillInfo.aspx?Bill=HB3035&session=1400,"{:action=>""Second Reading referred to Judiciary"", :date=>""2014-02-04 00:00:00"", :actor=>""lower""}"
SB 2043,OK,2013-2014,"government surveillance, weapon ban, criminal penalties, private invasion of privacy, evidence admissibility","[{""Republican""=>1}]",http://www.oklegislature.gov/BillInfo.aspx?Bill=SB2043&session=1400,"{:action=>""Second Reading referred to Public Safety Committee then to Appropriations Committee"", :date=>""2014-02-04 00:00:00"", :actor=>""upper""}"
HB 2710,OR,2013 Regular Session,"government surveillance, warrants, uav licenses, evidence admissibility, public disclosure, weapon ban, criminal penalties, civil cause of action, private remedy against government, preempt local rules","[{""Republican""=>2}, {""Democrat""=>1}]",https://olis.leg.state.or.us/liz/2013R1/Measures/Overview/HB2710,"{:action=>""Chapter 686, (2013 Laws): Effective date July 29, 2013."", :date=>""2013-07-29 00:00:00"", :actor=>""lower""}"
SB 524,OR,2013 Regular Session,"government surveillance, warrants, minimization, data retention, weapon ban, pre-acquisition approval","[{""Democrat""=>1}, {""Republican""=>1}]",https://olis.leg.state.or.us/liz/2013R1/Measures/Overview/SB524,"{:action=>""In committee upon adjournment."", :date=>""2013-07-08 00:00:00"", :actor=>""upper""}"
SB 853,OR,2013 Regular Session,"government surveillance, warrants, evidence admissibility, data minimization, biometrics, disclosure to targets, uav licenses, oversight board, study uavs, died","[{""Republican""=>1}]",https://olis.leg.state.or.us/liz/2013R1/Measures/Overview/SB853,"{:action=>""In committee upon adjournment."", :date=>""2013-07-08 00:00:00"", :actor=>""upper""}"
HB 2516,PA,2011-2012,government surveillance,"[{""Democratic""=>5}, {""Republican""=>1}]",http://www.legis.state.pa.us/cfdocs/billinfo/billinfo.cfm?syear=2011&sind=0&body=H&type=B&BN=2516,"{:action=>""PN 3852 Referred to JUDICIARY"", :date=>""2012-06-27 00:00:00"", :actor=>""lower""}"
SB 875,PA,2013-2014,"weapon ban, moratorium","[{""Republican""=>3}, {""Democratic""=>3}]",http://www.legis.state.pa.us/cfdocs/billinfo/billinfo.cfm?syear=2013&sind=0&body=S&type=B&BN=875,"{:action=>""PN 1028 Referred to STATE GOVERNMENT"", :date=>""2013-05-06 00:00:00"", :actor=>""upper""}"
HB 5780,RI,2013,"pre-acquisition approval, weapon ban, government surveillance, warrants, evidence admissibility, disclosure to targets, private remedy against government, data retention, public disclosure","[{""Democratic""=>5}]",http://status.rilin.state.ri.us/,"{:action=>""04/02/2013 Committee recommended measure be held for further study"", :date=>""2013-04-02 00:00:00"", :actor=>""joint""}"
HB 7170,RI,2014,"pre-acquisition approval, government surveillance, warrants, data minimization, biometrics, disclosure to targets, evidence admissibility, private remedy against government, data retention, public disclosure","[{""Democratic""=>5}]",http://status.rilin.state.ri.us/,"{:action=>""03/04/2014 Committee recommended measure be held for further study"", :date=>""2014-03-04 00:00:00"", :actor=>""joint""}"
SB 2362,RI,2014,"government surveillance, warrants, evidence admissibility, private remedy against government","[{""Republican""=>2}, {""Democratic""=>1}]",http://status.rilin.state.ri.us/,"{:action=>""02/27/2014 Committee recommended measure be held for further study"", :date=>""2014-02-27 00:00:00"", :actor=>""joint""}"
H 3415,SC,2013-2014,"government surveillance, warrants, evidence admissibility","[{""Republican""=>8}]",http://www.scstatehouse.gov/billsearch.php?billnumbers=3415&session=120&summary=B,"{:action=>""Member(s) request name added as sponsor: Putnam"", :date=>""2013-05-15 00:00:00"", :actor=>""lower""}"
H 3514,SC,2013-2014,"government surveillance, warrants, private invasion of privacy, biometrics","[{""Republican""=>5}]",http://www.scstatehouse.gov/billsearch.php?billnumbers=3514&session=120&summary=B,"{:action=>""Referred to Subcommittee: Hembree (ch), Allen, Thurmond"", :date=>""2014-01-31 00:00:00"", :actor=>""upper""}"
S 395,SC,2013-2014,"government surveillance, warrants","[{""Republican""=>5}]",http://www.scstatehouse.gov/billsearch.php?billnumbers=395&session=120&summary=B,"{:action=>""Referred to Committee on Judiciary"", :date=>""2013-02-19 00:00:00"", :actor=>""upper""}"
HB 1669,TN,108,tax break,"[{""Republican""=>2}]",http://wapp.capitol.tn.gov/apps/BillInfo/default.aspx?BillNumber=HB1669&GA=108,"{:action=>""Assigned to Gen. Sub of: S. Tax Sub Committee of F,W&M."", :date=>""2014-03-25 00:00:00"", :actor=>""upper""}"
SB 1752,TN,108,tax break,"[{""Republican""=>2}]",http://wapp.capitol.tn.gov/apps/BillInfo/default.aspx?BillNumber=SB1752&GA=108,"{:action=>""Assigned to Gen. Sub of: S. Tax Sub Committee of F,W&M."", :date=>""2014-03-25 00:00:00"", :actor=>""upper""}"
SB 3047,TN,107,"government surveillance, warrants","[{""Republican""=>2}]",http://wapp.capitol.tn.gov/apps/BillInfo/default.aspx?BillNumber=SB3047&GA=107,"{:action=>""Placed on S. Jud Comm. cal. for 4/11/2012"", :date=>""2012-04-11 00:00:00"", :actor=>""upper""}"
HR 866,TX,83,requesting FAA choose state for test site,"[{""Republican""=>1}]",ftp://ftp.legis.state.tx.us/bills/83R/billhistory/house_resolutions/HR00800_HR00899/HR 866.xml,"{:action=>""Referred to Higher Education"", :date=>""2013-03-25 00:00:00"", :actor=>""lower""}"
SB 1704,TX,83,cooperating with feds,"[{""Democratic""=>1}]",ftp://ftp.legis.state.tx.us/bills/83R/billhistory/senate_bills/SB01700_SB01799/SB 1704.xml,"{:action=>""Left pending in committee"", :date=>""2013-04-15 00:00:00"", :actor=>""upper""}"
SB 167,UT,2014,"government surveillance, warrants, data retention, public disclosure","[{""Republican""=>1}]",http://le.utah.gov/~2014/htmdoc/sbillhtm/SB0167S02.htm,"{:action=>""Governor Signed"", :date=>""2014-04-01 00:00:00"", :actor=>""executive""}"
HB 1616,VA,2013,"government surveillance, minimization, disclosure to targets, protect university use, evidence admissibility, data retention, weapon ban, public disclosure, pre-acquisition approval, biometrics","[{""Republican""=>8}, {""Democratic""=>2}]",http://lis.virginia.gov/cgi-bin/legp604.exe?131+sum+HB1616,"{:action=>""Incorporated by Courts of Justice (HB2012-Cline) by voice vote"", :date=>""2013-02-01 00:00:00"", :actor=>""lower""}"
H 540,VT,2013-2014,"government surveillance, warrants, minimization, biometrics, evidence admissibility, weapon ban, public disclosure",[],http://www.leg.state.vt.us/database/status/summary.cfm?Bill=H.0540&Session=2014,"{:action=>""Rep. Deen of Westminster moved that the committee on Rules be relieved of the bill and that the same be committed to the committee on Judiciary which was agreed to."", :date=>""2014-01-28 00:00:00"", :actor=>""lower""}"
S 169,VT,2013-2014,"government surveillance, warrants, biometrics, evidence admissibility, minimization, weapon ban, public disclosure",[],http://www.leg.state.vt.us/database/status/summary.cfm?Bill=S.0169&Session=2014,"{:action=>""Read 1st time & referred to Committee on Judiciary"", :date=>""2013-04-30 00:00:00"", :actor=>""upper""}"
HB 1771,WA,2013-2014,"government surveillance, pre-acquisition approval, minimization, warrants, notice to targets, evidence admissibility, data retention, private remedy against government, public disclosure","[{""Republican""=>12}, {""Democratic""=>7}, {""""=>1}]",http://apps.leg.wa.gov/billinfo/summary.aspx?bill=1771&year=2013,"{:action=>""Returned to Rules Committee for second reading."", :date=>""2014-02-18 00:00:00"", :actor=>""lower""}"
HB 2178,WA,2013-2014,"ban certain private use, government surveillance, criminal penalties, private invasion of privacy, private remedy against government","[{""Democratic""=>2}]",http://apps.leg.wa.gov/billinfo/summary.aspx?bill=2178&year=2013,"{:action=>""By resolution, returned to House Rules Committee for third reading."", :date=>""2014-03-13 00:00:00"", :actor=>""upper""}"
HB 2789,WA,2013-2014,"vetoed, government surveillance, pre-acquisition approval, public notice, public comment period, warrants, notice to target, study uavs, evidence admissibility, ban 3d party disclosure, data retention, private remedy against government, public disclosure","[{""Republican""=>7}, {""Democratic""=>5}]",http://apps.leg.wa.gov/billinfo/summary.aspx?bill=2789&year=2013,"{:action=>""Governor vetoed."", :date=>""2014-04-04 00:00:00"", :actor=>""upper""}"
SB 6172,WA,2013-2014,"government surveillance, pre-acquisition approval, warrants, notice to target, evidence admissibility, ban 3d party disclosure, data retention, private remedy against government, public reporting","[{""Democratic""=>7}, {""Republican""=>4}, {""""=>2}]",http://apps.leg.wa.gov/billinfo/summary.aspx?bill=6172&year=2013,"{:action=>""Senate Rules \""X\"" file."", :date=>""2014-02-25 00:00:00"", :actor=>""upper""}"
HB 2732,WV,2013,"government surveillance, weapon ban, warrants, private remedy against government, evidence admissibility","[{""Republican""=>10}, {""Democratic""=>1}]",http://www.legis.state.wv.us/Bill_Status/Bills_history.cfm?input=2732&year=2013&sessiontype=RS&btype=bill,"{:action=>""To House Judiciary"", :date=>""2013-02-26 00:00:00"", :actor=>""lower""}"
HB 2948,WV,2013,"government surveillance, evidence admissibility, private remedy against government","[{""Democratic""=>2}]",http://www.legis.state.wv.us/Bill_Status/Bills_history.cfm?input=2948&year=2013&sessiontype=RS&btype=bill,"{:action=>""To House Judiciary"", :date=>""2013-03-15 00:00:00"", :actor=>""lower""}"
HB 2997,WV,2014,"government surveillance, warrants, weapon ban, ban certain private use, no surveillance of political beliefs, evidence admissibility, data retention, disclosure to targets","[{""Republican""=>8}]",http://www.legis.state.wv.us/Bill_Status/Bills_history.cfm?input=2997&year=2014&sessiontype=RS&btype=bill,"{:action=>""To House Judiciary"", :date=>""2014-01-09 00:00:00"", :actor=>""lower""}"
HB 105,WY,2014,"government surveillance, warrants, fresh pursuit exception, evidence admissibility","[{""Republican""=>12}]",http://legisweb.state.wy.us/2014/Digest/HB0105.htm,"{:action=>""Did Not Consider in COW"", :date=>""2014-02-21 00:00:00"", :actor=>""lower""}"
AB 1524,CA,20132014,"identifying uavs, exempt model planes","[{""Republican""=>1}, {""Democratic""=>1}]",http://leginfo.legislature.ca.gov/faces/billNavClient.xhtml?bill_id=201320140AB1524,"{:action=>""In committee: Set, second hearing. Hearing canceled at the request of author."", :date=>""2014-04-28 00:00:00"", :actor=>""lower""}"
AB 2306,CA,20132014,private invasion of privacy,"[{""Democratic""=>1}]",http://leginfo.legislature.ca.gov/faces/billNavClient.xhtml?bill_id=201320140AB2306,"{:action=>""In Senate. Read first time. To Standing Committee on Rules. for assignment."", :date=>""2014-05-15 00:00:00"", :actor=>""upper""}"
SB 3053,HI,2014 Regular Session,FAA test site operations,"[{""Democratic""=>4}]",http://capitol.hawaii.gov/Archives/measure_indiv_Archives.aspx?billtype=SB&billnumber=3053&year=2014,"{:action=>""Conference committee meeting to reconvene on 04-25-14 3:30PM in conference room 312."", :date=>""2014-04-24 00:00:00"", :actor=>""upper""}"
SB 330,LA,2014,"private invasion of privacy, protecting certain private uav use, government surveillance, warrants, evidence admissibility, civil penalties, private remedy against government, public disclosure","[{""Republican""=>1}]",http://www.legis.la.gov/Legis/BillInfo.aspx?i=224519,"{:action=>""Senate floor amendments read and adopted. Read by title; failed to pass by a vote of 15 yeas and 21 nays."", :date=>""2014-04-21 00:00:00"", :actor=>""upper""}"
HB 1779,TN,108,"private invasion of privacy, evidence admissibility, adopted","[{""Republican""=>2}]",http://wapp.capitol.tn.gov/apps/BillInfo/default.aspx?BillNumber=HB1779&GA=108,"{:action=>""Effective date(s) 07/01/2014"", :date=>""2014-05-16 00:00:00"", :actor=>""upper""}"
SB 1892,TN,108,"criminal penalties, private invasion of privacy, evidence admissibility, adopted","[{""Republican""=>2}]",http://wapp.capitol.tn.gov/apps/BillInfo/default.aspx?BillNumber=SB1892&GA=108,"{:action=>""Comp. became Pub. Ch. 876"", :date=>""2014-05-16 00:00:00"", :actor=>""lower""}"
AB 1327,CA,20132014,"government surveillance, public disclosure, data retention, weapon ban, passed one chamber, warrants, public notice, limit intragovernment sharing, weapon ban, minimization","[{""Republican""=>1}, {""Democratic""=>4}]",http://leginfo.legislature.ca.gov/faces/billNavClient.xhtml?bill_id=201320140AB1327,"{:action=>""From committee: Do pass and re-refer to Standing Committee on Appropriations. (Ayes 5. Noes 1.) (May 13). Re-referred to Standing Committee on Appropriations."", :date=>""2014-05-13 00:00:00"", :actor=>""upper""}"
HB 1204,MO,2014,"government surveillance, warrants, private invasion of privacy, agricultural surveillance ban, protecting certain private uav use, private remedy against government, evidence admissibility","[{""Republican""=>1}]",http://www.house.mo.gov/billsummaryprn.aspx?bill=HB1204&year=2014&code=R,"{:action=>""Placed on Informal Calendar"", :date=>""2014-05-07 00:00:00"", :actor=>""lower""}"
AB 203,WI,2013 Regular Session,"government surveillance, warrants, weapon ban, criminal penalties, private invasion of privacy, evidence admissibility","[{""Republican""=>15}, {""Democratic""=>7}]",http://docs.legis.wisconsin.gov/document/session/2013/REG/AB203,"{:action=>""Failed to pass pursuant to Senate Joint Resolution 1"", :date=>""2014-04-08 00:00:00"", :actor=>""lower""}"
SB 196,WI,2013 Regular Session,"adopted, government surveillance, weapon ban, private invasion of privacy","[{""Republican""=>3}, {""Democratic""=>4}]",http://docs.legis.wisconsin.gov/document/session/2013/REG/SB196,"{:action=>""Published 4-9-2014"", :date=>""2014-04-09 00:00:00"", :actor=>""upper""}"
